Equipement,Description,Date de mise en service,Fabricant
7bc9d3ccf090dc21c5318dd20e320a208a73c037efdb984ed67604c9e7140303,f740734db8c549acba9fb40e19f7b159d090c0e201cf236fb412b56a4e55b41d,2018-10-01,4ff72d05b370637c277583d229dcfcbd3007c5b6a6b264606f440f5efbc64b4c
d69d1bbb9bb2c3629895e1e48a56b2d5cd274c674a5350010f4dccbc47372c06,f740734db8c549acba9fb40e19f7b159d090c0e201cf236fb412b56a4e55b41d,2009-10-01,4ff72d05b370637c277583d229dcfcbd3007c5b6a6b264606f440f5efbc64b4c
c8a9f3090f429804f14bd8fa26afecbd05e4eb1739ed2b07f6f8615c23651dd1,f740734db8c549acba9fb40e19f7b159d090c0e201cf236fb412b56a4e55b41d,2016-10-01,4ff72d05b370637c277583d229dcfcbd3007c5b6a6b264606f440f5efbc64b4c
5ecb4d7e09e4d6ae702eaeb7d382b112f44961021c0c1e545a3e8adbe475bcbe,fb7e4da994fbca3848595c548ec8502bd9bd53f2aa11620451ff01cac7684319,2001-01-01,d86e6c17ebf8ddfbf99e53a9032a748bd4f4558fc450fa45f18429fee263a43b
2a7559d6fc153a1e4d0a79a33b35ab0b7ca7872c239a8b19e72c056fb6e71fb3,b0f3040506b7d13faad66231a0e85643d2a59f8673f1ea552bb0c4e2354d6d28,1984-01-01,d86e6c17ebf8ddfbf99e53a9032a748bd4f4558fc450fa45f18429fee263a43b
9f563e1b55f77e0b812ba9354903bdaa979fc93e2b493f1b5fe08f85d75e2c1d,f740734db8c549acba9fb40e19f7b159d090c0e201cf236fb412b56a4e55b41d,2021-12-01,d86e6c17ebf8ddfbf99e53a9032a748bd4f4558fc450fa45f18429fee263a43b
fd24ccbab9f7a707d028e5bb3cf313b666eb0afe1aba8582e42c060ee725b4eb,fb7e4da994fbca3848595c548ec8502bd9bd53f2aa11620451ff01cac7684319,2000-01-01,d86e6c17ebf8ddfbf99e53a9032a748bd4f4558fc450fa45f18429fee263a43b
f76490b340cb3bbe241ca2d8c43e85fca18e1d628152fe271f92b29ccd38b52e,fb7e4da994fbca3848595c548ec8502bd9bd53f2aa11620451ff01cac7684319,1999-01-01,d86e6c17ebf8ddfbf99e53a9032a748bd4f4558fc450fa45f18429fee263a43b
1740119b85809c2e69d3ff6a5d8364d0158c4a0112419f61cd6ec48745e54588,fb7e4da994fbca3848595c548ec8502bd9bd53f2aa11620451ff01cac7684319,2001-01-01,d86e6c17ebf8ddfbf99e53a9032a748bd4f4558fc450fa45f18429fee263a43b
afbd27b387d3f311dfd6629ecea7c42cec554588b504bc53701ec3d804a021f6,fb7e4da994fbca3848595c548ec8502bd9bd53f2aa11620451ff01cac7684319,2000-01-01,d86e6c17ebf8ddfbf99e53a9032a748bd4f4558fc450fa45f18429fee263a43b
622b8bcbceb19d584d731c209fcfa89de13022c02846ef63edb69a9d86afbb04,fb7e4da994fbca3848595c548ec8502bd9bd53f2aa11620451ff01cac7684319,1998-01-01,d86e6c17ebf8ddfbf99e53a9032a748bd4f4558fc450fa45f18429fee263a43b
4e6dfd5bdced6bf1fb245257e2cddfc5b4f0cbe04178b1ca8f1a164a5ecf8fd8,fb7e4da994fbca3848595c548ec8502bd9bd53f2aa11620451ff01cac7684319,1997-01-01,d86e6c17ebf8ddfbf99e53a9032a748bd4f4558fc450fa45f18429fee263a43b
57f6d86094715f502e91f01668a88d06eb97b95940f525c7d59b1332b8e02494,f740734db8c549acba9fb40e19f7b159d090c0e201cf236fb412b56a4e55b41d,2022-08-29,d86e6c17ebf8ddfbf99e53a9032a748bd4f4558fc450fa45f18429fee263a43b
62941430417587f0ba91c6058465c104b5d006cfbf67a50820e9a8d9f74545f4,f740734db8c549acba9fb40e19f7b159d090c0e201cf236fb412b56a4e55b41d,2021-08-01,d86e6c17ebf8ddfbf99e53a9032a748bd4f4558fc450fa45f18429fee263a43b
65e8af325ceeaa6f8999da2c4d3cd74abbdf87cfe9b3fa4b31bed368a5492735,f740734db8c549acba9fb40e19f7b159d090c0e201cf236fb412b56a4e55b41d,2020-11-01,e87601989d7d2997b3e9ebc455fb8fc4f6f65f46151e56b5b0dff402d697fad5
a659efd2d993fc1213b296677d83b7ca4f248e296094e16d0d838f2550a3b98c,f740734db8c549acba9fb40e19f7b159d090c0e201cf236fb412b56a4e55b41d,2021-11-01,d86e6c17ebf8ddfbf99e53a9032a748bd4f4558fc450fa45f18429fee263a43b
045ab56c77d9b649edcc530803cb0df6abaaea36fd747e74c7d9b05bdc8f1fc9,fb7e4da994fbca3848595c548ec8502bd9bd53f2aa11620451ff01cac7684319,1998-01-01,d86e6c17ebf8ddfbf99e53a9032a748bd4f4558fc450fa45f18429fee263a43b
91bcc073cd9867a01348a384a46baa392f5c392607cb2b2689ba30437767e6e6,f740734db8c549acba9fb40e19f7b159d090c0e201cf236fb412b56a4e55b41d,2022-10-16,d86e6c17ebf8ddfbf99e53a9032a748bd4f4558fc450fa45f18429fee263a43b
330df5264e474605f395f56353172a67071f7267dbac706199f297e13e7a5d0c,b0f3040506b7d13faad66231a0e85643d2a59f8673f1ea552bb0c4e2354d6d28,1982-01-01,d86e6c17ebf8ddfbf99e53a9032a748bd4f4558fc450fa45f18429fee263a43b
c4f9d4cee6124b7d80a516431f92150ccdc70773abaf0f9d1286d0053129c807,b0f3040506b7d13faad66231a0e85643d2a59f8673f1ea552bb0c4e2354d6d28,1983-01-01,d86e6c17ebf8ddfbf99e53a9032a748bd4f4558fc450fa45f18429fee263a43b
2e3330470de84b443d60ddc3584df94330c292ba0545c7b417459d4891b8ca3b,f740734db8c549acba9fb40e19f7b159d090c0e201cf236fb412b56a4e55b41d,2018-04-01,4ff72d05b370637c277583d229dcfcbd3007c5b6a6b264606f440f5efbc64b4c
a29f79cfd3214ad8b58d4c05b072b508b24e76e52515689890c62522d05ef416,f740734db8c549acba9fb40e19f7b159d090c0e201cf236fb412b56a4e55b41d,1974-01-01,4ff72d05b370637c277583d229dcfcbd3007c5b6a6b264606f440f5efbc64b4c
309ef867054a5931b9c24d25cd16f5b7ac380e3f6e4351e3a03f825ef1c06e2b,b0f3040506b7d13faad66231a0e85643d2a59f8673f1ea552bb0c4e2354d6d28,2004-06-29,d86e6c17ebf8ddfbf99e53a9032a748bd4f4558fc450fa45f18429fee263a43b
80baad14ec896abff92eb265d017873124b379d7c38c5bedcd0e3bc620b5c2af,b0f3040506b7d13faad66231a0e85643d2a59f8673f1ea552bb0c4e2354d6d28,2004-06-29,d86e6c17ebf8ddfbf99e53a9032a748bd4f4558fc450fa45f18429fee263a43b
75c229de935b38cc0956e1f98fe11da09e108d2ab0cfa6609ab51a495de06fac,d9e0d7bf9a74f19e49b2cc73993801ffbe363e93a330aa6f765337639924f8ad,1962-01-01,60a7cfeb27f0777bcb01bd297442c5ad0c5f276bfd82aa7fa5d443ce5f77b7bd
047e8a097990fc84db3368a9abc7737ba910ec237bc25945717d2adf097bfad1,d9e0d7bf9a74f19e49b2cc73993801ffbe363e93a330aa6f765337639924f8ad,1962-01-01,60a7cfeb27f0777bcb01bd297442c5ad0c5f276bfd82aa7fa5d443ce5f77b7bd
9429ea93a44a3e10194b60188c2359c71442592fa66e76beb10e99c78aa72a0e,d9e0d7bf9a74f19e49b2cc73993801ffbe363e93a330aa6f765337639924f8ad,2018-01-09,60a7cfeb27f0777bcb01bd297442c5ad0c5f276bfd82aa7fa5d443ce5f77b7bd
ade6adc312f23b31c99c59d54fddb8bdaa8f08028c5879f9c72dd7a7afeb7d92,d9e0d7bf9a74f19e49b2cc73993801ffbe363e93a330aa6f765337639924f8ad,1961-01-01,60a7cfeb27f0777bcb01bd297442c5ad0c5f276bfd82aa7fa5d443ce5f77b7bd
1ec51dea3a9abcea76954cb62ed6884ef70939d777211bd2d11d13ece106bd59,d9e0d7bf9a74f19e49b2cc73993801ffbe363e93a330aa6f765337639924f8ad,1962-01-01,60a7cfeb27f0777bcb01bd297442c5ad0c5f276bfd82aa7fa5d443ce5f77b7bd
cb08d1f8c661b329ad9041f2083cfaea8ebc920619f4abccd4aaf4342da534b4,d9e0d7bf9a74f19e49b2cc73993801ffbe363e93a330aa6f765337639924f8ad,1962-01-01,60a7cfeb27f0777bcb01bd297442c5ad0c5f276bfd82aa7fa5d443ce5f77b7bd
a360271a270aea14f2833c3ff9ff029f2b77f3f1cdda9e9e8c02a17fd32ef62e,3173d4a4be825a44986910634e5ca5135bdf7ec24be6881472c8431fea85144d,2016-10-01,60a7cfeb27f0777bcb01bd297442c5ad0c5f276bfd82aa7fa5d443ce5f77b7bd
7c7a2bb0363ddee575ac98fb10a345c2285ab1cce5cd5c5035878246ab9bae4e,3173d4a4be825a44986910634e5ca5135bdf7ec24be6881472c8431fea85144d,2020-10-01,60a7cfeb27f0777bcb01bd297442c5ad0c5f276bfd82aa7fa5d443ce5f77b7bd
72e4dd3e8b97df0f2798702867493fad2918c190d9e05fb5fa1d0e3d66ae605a,e9a53c0a001d98a363fd14d6b0550c7b06a426d1930c8e373636658a160dbd38,2011-01-01,d86e6c17ebf8ddfbf99e53a9032a748bd4f4558fc450fa45f18429fee263a43b
5d38c93c5ebb882c4136673e0cdd0c67c73c0752ca0104a4ef601765d20d0fce,3173d4a4be825a44986910634e5ca5135bdf7ec24be6881472c8431fea85144d,2012-10-01,60a7cfeb27f0777bcb01bd297442c5ad0c5f276bfd82aa7fa5d443ce5f77b7bd
d2688a81e6d03bf62647114cb60036c1d3169cac6f891b2220e37151e41419ca,e9a53c0a001d98a363fd14d6b0550c7b06a426d1930c8e373636658a160dbd38,2011-01-01,d86e6c17ebf8ddfbf99e53a9032a748bd4f4558fc450fa45f18429fee263a43b
c4ba292dfc2fc47cbf001fa2536c7827a27ed023b48bcb24457ea3a56277581f,e9a53c0a001d98a363fd14d6b0550c7b06a426d1930c8e373636658a160dbd38,2011-01-01,d86e6c17ebf8ddfbf99e53a9032a748bd4f4558fc450fa45f18429fee263a43b
50bf392a071411e7c5108d4ea5071938f41bd4625e5f2c291a52ca976260c6a6,d9e0d7bf9a74f19e49b2cc73993801ffbe363e93a330aa6f765337639924f8ad,1996-01-01,60a7cfeb27f0777bcb01bd297442c5ad0c5f276bfd82aa7fa5d443ce5f77b7bd
e37a6700b6ce2365d00ec81ea8dc8e1aa707f07eb056e4bf0e9381131910dead,d9e0d7bf9a74f19e49b2cc73993801ffbe363e93a330aa6f765337639924f8ad,1998-01-01,60a7cfeb27f0777bcb01bd297442c5ad0c5f276bfd82aa7fa5d443ce5f77b7bd
f7e7149435c179ca55ec5a8f8ae4dc80d5b51dd7b6ffac0f9e6ae8a2f134a2bd,d9e0d7bf9a74f19e49b2cc73993801ffbe363e93a330aa6f765337639924f8ad,1997-01-01,60a7cfeb27f0777bcb01bd297442c5ad0c5f276bfd82aa7fa5d443ce5f77b7bd
e1c4fb781d33276dce81340d09f8f22d321761303c0bab36403491e3d3dba7a9,d9e0d7bf9a74f19e49b2cc73993801ffbe363e93a330aa6f765337639924f8ad,1999-01-01,60a7cfeb27f0777bcb01bd297442c5ad0c5f276bfd82aa7fa5d443ce5f77b7bd
ec14149bf4e0cb939470dfacad9e289ccf187fcb74780a7c7d74644731ae2c3c,d9e0d7bf9a74f19e49b2cc73993801ffbe363e93a330aa6f765337639924f8ad,2001-01-01,60a7cfeb27f0777bcb01bd297442c5ad0c5f276bfd82aa7fa5d443ce5f77b7bd
a26d48fffc5fa8d3f0526fa44d843d3a07ccf240142af229b25d2d2000528d33,d9e0d7bf9a74f19e49b2cc73993801ffbe363e93a330aa6f765337639924f8ad,2002-01-01,60a7cfeb27f0777bcb01bd297442c5ad0c5f276bfd82aa7fa5d443ce5f77b7bd
557afe7d6f05170609531930ceb28eff382ee721067449eff0cca02fc623b026,d47888097fc7aa027fd4dec2287d20df7bdf4a4fdafa463564b10d14ac1e1d9e,2002-01-01,d86e6c17ebf8ddfbf99e53a9032a748bd4f4558fc450fa45f18429fee263a43b
faa4cb62674ff259cff569effcbd4b38da614116be3bb22ac67abf8de7cdcb2e,f740734db8c549acba9fb40e19f7b159d090c0e201cf236fb412b56a4e55b41d,2022-10-12,d86e6c17ebf8ddfbf99e53a9032a748bd4f4558fc450fa45f18429fee263a43b
65b057785e81bcdb2d04a50ccd6845b3c50cb96f214bf2525b40c59b3172b79f,d47888097fc7aa027fd4dec2287d20df7bdf4a4fdafa463564b10d14ac1e1d9e,2003-01-01,d86e6c17ebf8ddfbf99e53a9032a748bd4f4558fc450fa45f18429fee263a43b
0019ba7dd5d895e8df53c56986ce961afb6f25a0bbbab9e80ee6a7fc76945dd9,d47888097fc7aa027fd4dec2287d20df7bdf4a4fdafa463564b10d14ac1e1d9e,1996-01-01,d86e6c17ebf8ddfbf99e53a9032a748bd4f4558fc450fa45f18429fee263a43b
25f8f0842d20d48ff3feef81406ccee4cd1bda5f7fd0e8bbcab717889f707c2b,d47888097fc7aa027fd4dec2287d20df7bdf4a4fdafa463564b10d14ac1e1d9e,2001-01-01,d86e6c17ebf8ddfbf99e53a9032a748bd4f4558fc450fa45f18429fee263a43b
8a92c330e0ca535aab30cbaad003c497266f0eba9f455d5af2d21f944f694b63,f740734db8c549acba9fb40e19f7b159d090c0e201cf236fb412b56a4e55b41d,2023-11-01,d86e6c17ebf8ddfbf99e53a9032a748bd4f4558fc450fa45f18429fee263a43b
5f6f4958cf4c7e53234fca27140dbe48223c46480ed934d64f43d59c9e2c0b7a,b717e2ab73c6e4f538768efb18d8e70bfd9b426c2be93f8be058ceccac791e93,2002-01-01,86052fa4081f06b4df4f5d41e2e47fadf4fa7b333e405e8d505456b7bf1f8770
2fc5d2be063b28737f2fb03cbbef5f6967c3ca4271b30c129d297301661b3483,b717e2ab73c6e4f538768efb18d8e70bfd9b426c2be93f8be058ceccac791e93,2003-01-01,86052fa4081f06b4df4f5d41e2e47fadf4fa7b333e405e8d505456b7bf1f8770
c657ec1a984e6096106c48fd20ddfb31a0f568908d0a7c4e40a4b116ac71c4bc,b717e2ab73c6e4f538768efb18d8e70bfd9b426c2be93f8be058ceccac791e93,2003-01-01,86052fa4081f06b4df4f5d41e2e47fadf4fa7b333e405e8d505456b7bf1f8770
ebaa4b68eeea7a96a68be54050bae5f6fab59e4e7c6ba0ba06174a3a51671d20,b717e2ab73c6e4f538768efb18d8e70bfd9b426c2be93f8be058ceccac791e93,2000-01-01,86052fa4081f06b4df4f5d41e2e47fadf4fa7b333e405e8d505456b7bf1f8770
7632e996e629e0f74cb8ff4cde45dfb4b341775ccec22d49c9bca84ae6d23c6d,f740734db8c549acba9fb40e19f7b159d090c0e201cf236fb412b56a4e55b41d,2016-10-01,4ff72d05b370637c277583d229dcfcbd3007c5b6a6b264606f440f5efbc64b4c
f6fd775136f43e369ca522e15ad6126f50ddf081d1886d726a2065a715019498,f740734db8c549acba9fb40e19f7b159d090c0e201cf236fb412b56a4e55b41d,2017-10-01,4ff72d05b370637c277583d229dcfcbd3007c5b6a6b264606f440f5efbc64b4c
cd5730591823dda42aefac13c0617e634596915a4255f785af691e48197bf1b8,f740734db8c549acba9fb40e19f7b159d090c0e201cf236fb412b56a4e55b41d,2022-12-15,d86e6c17ebf8ddfbf99e53a9032a748bd4f4558fc450fa45f18429fee263a43b
527498f9ae1c4f34dcd6e35d3f85cd81797725c5f4494124e0425dab8039cfb2,e9a53c0a001d98a363fd14d6b0550c7b06a426d1930c8e373636658a160dbd38,1976-01-01,d86e6c17ebf8ddfbf99e53a9032a748bd4f4558fc450fa45f18429fee263a43b
f9235127bc299bcb9b7eea1972beae770bc70a19071fb4f7a9ff59da4ac4c89c,b0f3040506b7d13faad66231a0e85643d2a59f8673f1ea552bb0c4e2354d6d28,1986-01-01,d86e6c17ebf8ddfbf99e53a9032a748bd4f4558fc450fa45f18429fee263a43b
1da9fe94f8ce8d63b6fb2b8b8b106dc0b449188648c72cea8cce82f1db65dd08,b0f3040506b7d13faad66231a0e85643d2a59f8673f1ea552bb0c4e2354d6d28,1986-01-01,d86e6c17ebf8ddfbf99e53a9032a748bd4f4558fc450fa45f18429fee263a43b
e2b57c0949bc7f101b49ac12bc174eaa3c2535e177c79d0a608f9e05182bf758,3173d4a4be825a44986910634e5ca5135bdf7ec24be6881472c8431fea85144d,2012-10-01,60a7cfeb27f0777bcb01bd297442c5ad0c5f276bfd82aa7fa5d443ce5f77b7bd
fa713be58d737c4e90b7c743840e0aea4b3e51f81de79cd9dc4735d9397956af,3173d4a4be825a44986910634e5ca5135bdf7ec24be6881472c8431fea85144d,2010-10-01,60a7cfeb27f0777bcb01bd297442c5ad0c5f276bfd82aa7fa5d443ce5f77b7bd
c36cc683c42b8ffb0094acfa56d6a7ff7405002ade4b174438d921bdec4c6212,3173d4a4be825a44986910634e5ca5135bdf7ec24be6881472c8431fea85144d,2011-10-01,60a7cfeb27f0777bcb01bd297442c5ad0c5f276bfd82aa7fa5d443ce5f77b7bd
c8488230957ed670596e7824b9911c019bed39b89dff421da4465f2cb3eedcb7,3173d4a4be825a44986910634e5ca5135bdf7ec24be6881472c8431fea85144d,2013-10-01,60a7cfeb27f0777bcb01bd297442c5ad0c5f276bfd82aa7fa5d443ce5f77b7bd
28974616bb8271b87cc5e8b284c98c825ae2a72c1004bdec4f3b8e3b057f6c2e,4688613be2c521ebf4812e41e6da7e8bff60454c63fe6d65babe9bd3981a0eab,1951-01-01,ab3443c95e21ad797a6417b5398d01f35d6a26bcdb768ba6f1f49e8101978e8d
90473d9cf7e5f3b20a9c2b3becb9a4f35a109c9dbc2c0ffa2ecead7642bdee9e,3173d4a4be825a44986910634e5ca5135bdf7ec24be6881472c8431fea85144d,2017-10-01,60a7cfeb27f0777bcb01bd297442c5ad0c5f276bfd82aa7fa5d443ce5f77b7bd
05fa2e82d22137fe27fe817ee9cf094b8dedeb0bae4f9802f403d5c06a57daa0,4688613be2c521ebf4812e41e6da7e8bff60454c63fe6d65babe9bd3981a0eab,1952-01-01,ab3443c95e21ad797a6417b5398d01f35d6a26bcdb768ba6f1f49e8101978e8d
bd808495f2f993631d7873d9ee3af24948e922e93d704184813b54f5ef16e143,b717e2ab73c6e4f538768efb18d8e70bfd9b426c2be93f8be058ceccac791e93,2001-01-01,86052fa4081f06b4df4f5d41e2e47fadf4fa7b333e405e8d505456b7bf1f8770
c757c88cc59710ad8749a21de770d9354677ff69445ed5b841da2fdffbeb2b66,b717e2ab73c6e4f538768efb18d8e70bfd9b426c2be93f8be058ceccac791e93,2000-01-01,86052fa4081f06b4df4f5d41e2e47fadf4fa7b333e405e8d505456b7bf1f8770
49dd9060cc0d1476092d48cb63a595be37d9cf865b9c343aaa54a355ceb7bf9a,b717e2ab73c6e4f538768efb18d8e70bfd9b426c2be93f8be058ceccac791e93,1999-01-01,86052fa4081f06b4df4f5d41e2e47fadf4fa7b333e405e8d505456b7bf1f8770
7d569d7aaa9936d5ebcb97f65956e9a4f8f3c10614c83f85c50c5b3ac71edf6f,b717e2ab73c6e4f538768efb18d8e70bfd9b426c2be93f8be058ceccac791e93,1998-01-01,86052fa4081f06b4df4f5d41e2e47fadf4fa7b333e405e8d505456b7bf1f8770
bfbee3e85be7c56ce7bd6abab35825ebf796f310317b797967285f599d78af1d,b717e2ab73c6e4f538768efb18d8e70bfd9b426c2be93f8be058ceccac791e93,2003-01-01,86052fa4081f06b4df4f5d41e2e47fadf4fa7b333e405e8d505456b7bf1f8770
9217703106175f3fe2e04c3baf891b6c5c5ce203e9708b6cd6d21d64ce29b80e,b717e2ab73c6e4f538768efb18d8e70bfd9b426c2be93f8be058ceccac791e93,2002-01-01,86052fa4081f06b4df4f5d41e2e47fadf4fa7b333e405e8d505456b7bf1f8770
f3c72dfd35031a765b123df6a231c2ca2452a6443cfc23b8fe274ce4604dd0b0,b0f3040506b7d13faad66231a0e85643d2a59f8673f1ea552bb0c4e2354d6d28,1980-01-01,d86e6c17ebf8ddfbf99e53a9032a748bd4f4558fc450fa45f18429fee263a43b
33e09588c48af57032a2aaa5315e972c3063b0440194c009cacb114678b4b394,b0f3040506b7d13faad66231a0e85643d2a59f8673f1ea552bb0c4e2354d6d28,1980-01-01,d86e6c17ebf8ddfbf99e53a9032a748bd4f4558fc450fa45f18429fee263a43b
